{
  "media": [
    
  ],
  "label_values": [
    {
      "label": "Phone number",
      "value": "+19402321874"
    },
    {
      "label": "Email Address",
      "value": "brownmadeline124@gmail.com"
    },
    {
      "label": "Name",
      "value": ""
    },
    {
      "label": "About",
      "value": " "
    },
    {
      "label": "About Emoji",
      "value": ""
    },
    {
      "label": "About Set Time",
      "timestamp_value": 1762913314
    },
    {
      "label": "About Expiry Time",
      "timestamp_value": 0
    },
    {
      "label": "Device Activity",
      "vec": [
        {
          "dict": [
            {
              "label": "Device",
              "value": "0"
            },
            {
              "label": "Status",
              "value": "OFFLINE"
            },
            {
              "label": "Last Active Time",
              "timestamp_value": 1766133189
            },
            {
              "label": "Online Since",
              "timestamp_value": 0
            },
            {
              "label": "Previous connection IP",
              "value": "24.32.85.241"
            },
            {
              "label": "Current connection IP",
              "value": ""
            }
          ]
        },
        {
          "dict": [
            {
              "label": "Device",
              "value": "1"
            },
            {
              "label": "Status",
              "value": "OFFLINE"
            },
            {
              "label": "Last Active Time",
              "timestamp_value": 1765863033
            },
            {
              "label": "Online Since",
              "timestamp_value": 0
            },
            {
              "label": "Previous connection IP",
              "value": "24.32.84.130"
            },
            {
              "label": "Current connection IP",
              "value": ""
            }
          ]
        }
      ]
    },
    {
      "label": "State",
      "value": "US_Texas"
    },
    {
      "label": "Number of accounts",
      "value": "0"
    },
    {
      "label": "Report Request Time",
      "timestamp_value": 1765862141
    },
    {
      "label": "Report Generation Time",
      "timestamp_value": 1766135604
    },
    {
      "label": "When you were born",
      "value": "1997"
    },
    {
      "label": "Profile Picture",
      "media": [
        {
          "uri": "media/949307658263163.jpg"
        }
      ]
    },
    {
      "label": "Profile Picture Upload Time",
      "timestamp_value": 1764433326
    }
  ],
  "fbid": "{\"normalized_phone_number\":19402321874,\"device_id\":0}"
}