{
  "wa_settings": {
    "last_seen_privacy": "contacts",
    "profile_photo_privacy": "all",
    "about_privacy": "contacts",
    "status_privacy": [
      
    ],
    "blocked_numbers": [
      
    ],
    "blocked_numbers_update_time": 1764437121,
    "blocked_3p_users": [
      
    ],
    "read_receipts": "none",
    "is_dma_eligible": false,
    "opted_in_dma_integrators": [
      
    ],
    "settings_last_fetch_time": {
      "1": 1765862163,
      "0": 1766133168
    },
    "current_sync_session_id": "Ik1YlWEy59To3adhacaAlg==",
    "current_sync_session_account_registration_time": 1764431189,
    "sync_sessions": [
      {
        "sync_session_id": "Ik1YlWEy59To3adhacaAlg==",
        "account_registration_time": 1764431189,
        "state_collections": [
          "critical_block",
          "critical_unblock_low",
          "regular",
          "regular_high",
          "regular_low"
        ]
      }
    ],
    "device_sync_status": [
      {
        "device_id": 0
      },
      {
        "device_id": 1
      }
    ],
    "device_info": [
      {
        "device_id": 0,
        "app_version": "iPhone-2.25.36.73",
        "operating_system_version": "26.2",
        "device_manufacturer": "Apple",
        "device_model": "iPhone 16e"
      },
      {
        "device_id": 1,
        "app_version": "Web-2.3000.1031125650,WEB_BROWSER",
        "operating_system_version": "0.1",
        "device_manufacturer": "",
        "device_model": "Desktop"
      }
    ],
    "notification_settings": [
      
    ],
    "muted_groups": [
      
    ],
    "is_nc_eligible": true,
    "whatsapp_contacts": true
  }
}